﻿<metadata>
  <idinfo>
    <citation>
      <citeinfo>
        <title>Zipcode Polygons</title>
        <geoform>vector digital data</geoform>
      </citeinfo>
    </citation>
    <descript>
      <abstract>AbstractZip code boundaries expressed as a polygon feature class for the City of Philadelphia.Data DevelopmentSeveral data sets and sources were used to create the most accurate representation of the zip code boundaries. Starting with a previous iteration of zip code border data, existing borders were compared to data from the US Census Bureau (Zip Code Tabulation Areas). This data was then reconciled with current Zip code information from the United States Postal Service (the authority on zip codes) to get the most current data possible. Several borders were modified to account for changes or cartographic considerations.Key Attribute Field Names and DescriptionsCODE: Zip code for each polygon.Coordinate SystemLambert Conformal Conic, NAD83, PA South Stateplane coordinates, US Foot.Thematic MappingUse the CODE field for thematic mapping and labeling.Other InformationZip Code Tabulation Areas were developed by the US Census Bureau to overcome difficulties in precisely defining the land area covered by each Zip Code. The ZCTAs are generalized area representation of the USPS Zip code service areas, but are not the same as Zip codes. There is no correlation between ZIP codes and Census Bureau geography. In addition, the USPS frequently realigns, merges or splits ZIP codes to meet changing needs. ZCTAs are constructed by aggregating the Census 2000 blocks whose addresses use a given ZIP code. The census bureau took the ZIP code used by the majority of addresses in each census unit at the time the data was compiled. As a result, some addresses end up with a ZCTA code that is different from their ZIP code.</abstract>
      <purpose>The purpose of this dataset is to represent the Zip Code areas for the City of Philadelphia.  The edges of Zip Codes are slightly modified for logical and cartographic purposes.

This polygon layer has an accompanying arc layer. Certain arcs in the arc layer contain data signifying information relating it to the polygon layer. It can tell you if both sides of the arc belong to one of the bounding polygons.  All the arcs, including those with no boundary info, have naming attributes for labeling the polygon borders.  Contact the Streets GIS unit for public consumption of the corresponding arc layer.  

Features updated: 10/5/2012
Attributes updated: 10/5/2012
Metadata updated: 6/5/2015
Update Frequency:  As needed
Public = Y


NOTE:  This layer is used by a ULRS Service Area.  Do not remove without permission from OIT.  
</purpose>
    </descript>
    <status>
      <update>Annually</update>
    </status>
    <spdom>
      <bounding>
        <westbc>-75.284151</westbc>
        <eastbc>-74.954039</eastbc>
        <northbc>40.143797</northbc>
        <southbc>39.861734</southbc>
      </bounding>
    </spdom>
    <keywords />
    <accconst>None</accconst>
    <useconst>&lt;DIV STYLE="text-align:Left;"&gt;&lt;DIV&gt;&lt;DIV&gt;&lt;P STYLE="margin:0 0 0 0;"&gt;&lt;SPAN&gt;&lt;SPAN&gt;The City of Philadelphia reserves all rights in the GIS database and any data contained therein, and the end user’s use of the data does not constitute a transfer of, nor does the end user receive, any title or interest in the database or any other City data. The City of Philadelphia makes no representation about the accuracy of any specific information in this GIS data and is provided “as is” and without Warranty of any kind. The user of this data will assume complete responsibility for any and all occurrences resulting from its use or display and will hold the City of Philadelphia harmless from any and all claims, demands, liabilities, obligations, damages, suits, judgments or settlements, including reasonable costs and attorneys' fees, that arise from use of this data.&lt;/SPAN&gt;&lt;/SPAN&gt;&lt;/P&gt;&lt;P STYLE="margin:0 0 14 0;"&gt;&lt;SPAN /&gt;&lt;/P&gt;&lt;P&gt;&lt;SPAN /&gt;&lt;/P&gt;&lt;/DIV&gt;&lt;/DIV&gt;&lt;/DIV&gt;</useconst>
    <ptcontac>
      <cntinfo>
        <cntperp>
          <cntper>Philadelphia City Planning Commission</cntper>
        </cntperp>
      </cntinfo>
    </ptcontac>
    <datacred>Streets Department GIS Unit
Office of Innovation and Technology
City of Philadelphia
MSB - 1401 JFK Blvd
Suite 880
Philadelphia, PA 19102
       
Contact:  Max Steinbrenner 215-686-5093, max.steinbrenner@phila.gov
</datacred>
    <native>Microsoft Windows Server 2008 R2 Version 6.1 (Build 7601) Service Pack 1; ESRI ArcGIS 10.0.0.2414</native>
  </idinfo>
  <spdoinfo>
    <direct>Vector</direct>
    <ptvctinf>
      <sdtsterm>
        <sdtstype>GT-polygon composed of chains</sdtstype>
        <ptvctcnt>48</ptvctcnt>
      </sdtsterm>
    </ptvctinf>
  </spdoinfo>
  <spref>
    <horizsys>
      <planar>
        <mapproj>
          <mapprojn>NAD 1983 StatePlane Pennsylvania South FIPS 3702 Feet</mapprojn>
          <lambertc>
            <stdparll>39.93333333333333</stdparll>
            <stdparll>40.96666666666667</stdparll>
            <longcm>-77.75</longcm>
            <latprjo>39.33333333333334</latprjo>
            <feast>1968500.0</feast>
            <fnorth>0.0</fnorth>
          </lambertc>
        </mapproj>
        <planci>
          <plance>coordinate pair</plance>
          <coordrep>
            <absres>0.000000026907964745248598</absres>
            <ordres>0.000000026907964745248598</ordres>
          </coordrep>
          <plandu>Foot_US</plandu>
        </planci>
      </planar>
      <geodetic>
        <horizdn>D North American 1983</horizdn>
        <ellips>GRS 1980</ellips>
        <semiaxis>6378137.0</semiaxis>
        <denflat>298.257222101</denflat>
      </geodetic>
    </horizsys>
  </spref>
  <eainfo>
    <detailed>
      <enttyp>
        <enttypl>Zipcodes_Poly</enttypl>
      </enttyp>
      <attr>
        <attrlabl>FID</attrlabl>
        <attrdef>Internal feature number.</attrdef>
        <attrdefs>ESRI</attrdefs>
        <attrdomv>
          <udom>Sequential unique whole numbers that are automatically generated.</udom>
        </attrdomv>
      </attr>
      <attr>
        <attrlabl>SHAPE</attrlabl>
        <attrdef>Feature geometry.</attrdef>
        <attrdefs>ESRI</attrdefs>
        <attrdomv>
          <udom>Coordinates defining the features.</udom>
        </attrdomv>
      </attr>
      <attr>
        <attrlabl>CODE</attrlabl>
      </attr>
      <attr>
        <attrlabl>COD</attrlabl>
      </attr>
      <attr>
        <attrlabl>SHAPE_Leng</attrlabl>
      </attr>
      <attr>
        <attrlabl>SHAPE_Area</attrlabl>
        <attrdef>Area of feature in internal units squared.</attrdef>
        <attrdefs>Esri</attrdefs>
        <attrdomv>
          <udom>Positive real numbers that are automatically generated.</udom>
        </attrdomv>
      </attr>
    </detailed>
  </eainfo>
  <metainfo>
    <metd>20160525</metd>
    <metstdn>FGDC Content Standard for Digital Geospatial Metadata</metstdn>
    <metstdv>FGDC-STD-001-1998</metstdv>
  </metainfo>
</metadata>